{"cameraMode":{"drawMode":0,"name":"Shaded","section":"Shading Mode"},"sceneLighting":true,"audioPlay":false,"sceneViewState":{"showFog":true,"showMaterialUpdate":false,"showSkybox":true,"showFlares":true,"showImageEffects":true,"showParticleSystems":true},"in2DMode":false,"pivot":{"x":2.605372667312622,"y":1.7767126560211182,"z":-14.530744552612305},"rotation":{"x":-0.001925758901052177,"y":-0.9967054128646851,"z":0.07729745656251908,"w":-0.02481253817677498},"size":2.286278009414673,"orthographic":false}